{
    "T0001": {
        "ref": "T0001",
        "client": "CL001",
        "ville_depart": "Paris",
        "ville_arrivee": "Lyon",
        "distance_km": 465.2,
        "energie": "DIESEL",
        "poids_tonnes": 12.5,
        "date": "2025-01-15",
        "date_commande": "2025-01-10",
        "date_collecte": "2025-01-15",
        "date_livraison": "2025-01-16",
        "emis_kg": 58.15,
        "emis_tkm": 0.125
    },
    "T0002": {
        "ref": "T0002",
        "client": "CL002",
        "ville_depart": "Marseille",
        "ville_arrivee": "Nice",
        "distance_km": 198.7,
        "energie": "DIESEL",
        "poids_tonnes": 8.3,
        "date": "2025-01-16",
        "date_commande": "2025-01-12",
        "date_collecte": "2025-01-16",
        "date_livraison": "2025-01-17",
        "emis_kg": 20.68,
        "emis_tkm": 0.125
    },
    "T0003": {
        "ref": "T0003",
        "client": "CL001",
        "ville_depart": "Bordeaux",
        "ville_arrivee": "Toulouse",
        "distance_km": 245.8,
        "energie": "ELECTRIQUE",
        "poids_tonnes": 15.2,
        "date": "2025-01-17",
        "date_commande": "2025-01-14",
        "date_collecte": "2025-01-17",
        "date_livraison": "2025-01-18",
        "emis_kg": 0,
        "emis_tkm": 0
    },
    "T0004": {
        "ref": "T0004",
        "client": "CL003",
        "ville_depart": "Lille",
        "ville_arrivee": "Rouen",
        "distance_km": 156.3,
        "energie": "DIESEL",
        "poids_tonnes": 6.8,
        "date": "2025-01-18",
        "date_commande": "2025-01-15",
        "date_collecte": "2025-01-18",
        "date_livraison": "2025-01-19",
        "emis_kg": 13.28,
        "emis_tkm": 0.125
    },
    "T0005": {
        "ref": "T0005",
        "client": "CL002",
        "ville_depart": "Strasbourg",
        "ville_arrivee": "Nancy",
        "distance_km": 89.4,
        "energie": "HYBRIDE",
        "poids_tonnes": 9.1,
        "date": "2025-01-19",
        "date_commande": "2025-01-16",
        "date_collecte": "2025-01-19",
        "date_livraison": "2025-01-20",
        "emis_kg": 0.0,
        "emis_tkm": 0.0,
        "phases": []
    }
}