{
    "T0001": {
        "ref": "T0001",
        "client": "CL001",
        "ville_depart": "Paris",
        "ville_arrivee": "Lyon",
        "distance_km": 465.2,
        "energie": "DIESEL",
        "poids_tonnes": 12.5,
        "date": "2025-01-15",
        "date_commande": "2025-01-10",
        "date_collecte": "2025-01-15",
        "date_livraison": "2025-01-16",
        "emis_kg": 58.15,
        "emis_tkm": 0.125
    },
    "T0002": {
        "ref": "T0002",
        "client": "CL002",
        "ville_depart": "Marseille",
        "ville_arrivee": "Nice",
        "distance_km": 198.7,
        "energie": "DIESEL",
        "poids_tonnes": 8.3,
        "date": "2025-01-16",
        "date_commande": "2025-01-12",
        "date_collecte": "2025-01-16",
        "date_livraison": "2025-01-17",
        "emis_kg": 20.68,
        "emis_tkm": 0.125
    },
    "T0003": {
        "ref": "T0003",
        "client": "CL001",
        "ville_depart": "Bordeaux",
        "ville_arrivee": "Toulouse",
        "distance_km": 245.8,
        "energie": "ELECTRIQUE",
        "poids_tonnes": 15.2,
        "date": "2025-01-17",
        "date_commande": "2025-01-14",
        "date_collecte": "2025-01-17",
        "date_livraison": "2025-01-18",
        "emis_kg": 0,
        "emis_tkm": 0
    },
    "T0004": {
        "ref": "T0004",
        "client": "CL003",
        "ville_depart": "Lille",
        "ville_arrivee": "Rouen",
        "distance_km": 156.3,
        "energie": "DIESEL",
        "poids_tonnes": 6.8,
        "date": "2025-01-18",
        "date_commande": "2025-01-15",
        "date_collecte": "2025-01-18",
        "date_livraison": "2025-01-19",
        "emis_kg": 13.28,
        "emis_tkm": 0.125,
        "phases": {
            "P001": {
                "id": "P001",
                "type": null,
                "ordre": 1,
                "ville_depart": "paris ",
                "ville_arrivee": "lieusaint",
                "distance_km": 45.0,
                "vehicule_id": "1",
                "poids_tonnes": 1.0,
                "poids_vehicule": 0,
                "energie": "",
                "consommation": 0,
                "unite_consommation": "L/100km",
                "emis_vehicule": 0,
                "emis_transport": 0,
                "emis_total": 0,
                "emis_tkm": 0
            }
        }
    },
    "T0005": {
        "ref": "T0005",
        "client": "CL002",
        "ville_depart": "Strasbourg",
        "ville_arrivee": "Nancy",
        "distance_km": 89.4,
        "energie": "HYBRIDE",
        "poids_tonnes": 9.1,
        "date": "2025-01-19",
        "date_commande": "2025-01-16",
        "date_collecte": "2025-01-19",
        "date_livraison": "2025-01-20",
        "emis_kg": 4.55,
        "emis_tkm": 0.063,
        "phases": {
            "P001": {
                "id": "P001",
                "type": "COLLECTE",
                "ordre": 1,
                "ville_depart": "paris",
                "ville_arrivee": "paris",
                "distance_km": 25.0,
                "vehicule_id": "V_HICULE_UTILITAIRE_L_GER_3_5_TONNES_PTAC__EXPRESS__PLIS__COURSES____GAZOLE_ROUTIER_0.26T",
                "poids_tonnes": 0.25,
                "poids_vehicule": 0,
                "energie": "",
                "consommation": 0,
                "unite_consommation": "L/100km",
                "emis_vehicule": 0,
                "emis_transport": 0,
                "emis_total": 6.25,
                "emis_tkm": 0,
                "date_collecte": null,
                "date_distribution": null
            }
        }
    }
}