{
  "backup_name": "myxploit_backup_2025-08-21_16-46-41",
  "timestamp": "2025-08-21_16-46-41",
  "datetime": "2025-08-21T16:46:41.160711",
  "project_root": "D:\\PROJETS\\myxploit\\myxploit",
  "backup_path": "D:\\PROJETS\\myxploit\\myxploit\\backups\\myxploit_backup_2025-08-21_16-46-41",
  "copied_items": [
    "📄 app.py",
    "📄 models.py",
    "📁 templates//",
    "📁 static//",
    "📁 data//",
    "📁 .vscode//"
  ],
  "skipped_items": [
    "❌ *.md (introuvable)",
    "❌ *.html (introuvable)",
    "❌ *.py (introuvable)"
  ],
  "total_files": 6,
  "version": "1.0"
}